{
    "EffectiveEchoSpacing": 0.0006909035636805814,
    "TotalReadoutTime": 0.026945238983542674,
    "SliceTiming": [
        0.0,
        0.0556,
        0.1111,
        0.1667,
        0.2222,
        0.2778,
        0.3333,
        0.3889,
        0.4444,
        0.5,
        0.5556,
        0.6111,
        0.6667,
        0.7222,
        0.7778,
        0.8333,
        0.8889,
        0.9444,
        1.0,
        1.0556,
        1.1111,
        1.1667,
        1.2222,
        1.2778,
        1.3333,
        1.3889,
        1.4444,
        1.5,
        1.5556,
        1.6111,
        1.6667,
        1.7222,
        1.7778,
        1.8333,
        1.8889,
        1.9444
    ]
}